Task ID,Title,Priority,Effort,Sprint,Description,Status
INFRA-001,Complete Docker Configuration,Critical,8h,Sprint 1,"Create base Dockerfile template for Node.js services, implement multi-stage builds, add health check endpoints, configure Docker Compose for local development, set up security scanning, create Docker registry",Not Started
INFRA-005,Database Setup and Migrations,Critical,10h,Sprint 1,"Set up PostgreSQL cluster with read replicas, create databases for all microservices (auth_db, users_db, courses_db, assessments_db, progress_db, jobs_db, gamification_db, notifications_db), set up Redis for caching, configure connection pools, implement migration tool",Not Started
AUTH-001,JWT Authentication System,Critical,12h,Sprint 1,"Set up authentication microservice, implement user registration with email validation, implement login with JWT tokens, implement token refresh endpoint, implement password reset flow, add password hashing, implement session management with Redis",Not Started
USER-001,User Registration System,High,12h,Sprint 2,"Create user management microservice, implement user profile creation, add profile image upload to S3/MinIO, create onboarding flow API, implement profile update endpoint, add user search functionality, implement user activity tracking",Not Started
COURSE-001,Course Creation and Management,High,20h,Sprint 2,"Create course management microservice, implement course CRUD operations, add course module and lesson management, implement course enrollment logic, add course search and filtering, implement course ratings and reviews, add course analytics",Not Started
GATEWAY-001,Request Routing and Load Balancing,Critical,12h,Sprint 2,"Set up API Gateway (Kong/NGINX/Express Gateway), configure service routing rules, implement load balancing, add request/response logging, configure CORS policies, set up SSL/TLS termination, add health check aggregation",Not Started
CONTENT-001,File Upload and Management,High,16h,Sprint 2,"Set up S3/MinIO for file storage, create file upload service, implement multipart upload for large files, add file type validation, implement virus scanning (ClamAV), create thumbnail generation service, add file access control, implement CDN integration",Not Started
PROGRESS-001,Learning Progress Tracking,High,14h,Sprint 3,"Create progress tracking microservice, implement lesson completion tracking, add course progress calculation, create learning analytics, implement streak tracking, add time spent tracking, create progress reports API",Not Started
ASSESS-001,Assessment and Quiz System,High,18h,Sprint 3,"Create assessment microservice, implement quiz creation and management, add multiple question types (MCQ, True/False, Essay, Code), implement quiz taking functionality, add auto-grading for objective questions, create assessment results API",Not Started
FRONTEND-001,API Client SDK,High,16h,Sprint 4,"Install and configure Axios, create API client service layer, implement request/response interceptors, add authentication header injection, implement token refresh logic, add error handling middleware, implement retry logic, create TypeScript types for all API responses",Not Started
FRONTEND-002,Authentication Integration,Critical,4h,Sprint 4,"Update Login.tsx to use authApi.login(), update Register.tsx to use authApi.register(), implement token storage in localStorage, add loading states and error handling, implement automatic redirect after login, add Remember Me functionality",Not Started
FRONTEND-003,User Profile Integration,High,6h,Sprint 4,"Create usersApi service, update ProfileSetup.tsx to use API, update Settings.tsx to use API, implement profile image upload, add profile update functionality, handle loading and error states",Not Started
FRONTEND-004,Dashboard Integration,High,8h,Sprint 4,"Update StudentDashboard.tsx to fetch real data, update TeacherDashboard.tsx to fetch real data, update AdminDashboard.tsx to fetch real data, implement real-time data updates, add loading skeletons, handle empty states",Not Started
FRONTEND-005,Courses Integration,Critical,12h,Sprint 4,"Create coursesApi service, update Courses.tsx to fetch from API, update MyCourses.tsx to fetch enrollments, implement course enrollment API call, add pagination for course listings, implement course search with API, add loading skeletons",Not Started
FRONTEND-006,Learning Content Integration,High,10h,Sprint 4,"Update LearningPath.tsx to use API, update ContentLibrary.tsx to fetch content, implement video player with progress tracking, add document viewer integration, implement content navigation, handle content loading states",Not Started
FRONTEND-007,Assessments Integration,High,10h,Sprint 4,"Create assessmentsApi service, update AssessmentsCenter.tsx, update SkillsAssessment.tsx, update PersonalityTest.tsx, implement quiz submission API, add results fetching, handle assessment states",Not Started
FRONTEND-008,Progress Integration,High,8h,Sprint 4,"Create progressApi service, update ProgressDashboard.tsx, update StudentRoadmap.tsx, implement real-time progress updates, add analytics data fetching, create progress charts with real data",Not Started
FRONTEND-009,Jobs Integration,High,8h,Sprint 5,"Create jobsApi service, update GeneralJobs.tsx to fetch from API, update PersonalizedJobs.tsx with matching algorithm, implement job application API, update ApplicationsTracker.tsx, add job search functionality",Not Started
FRONTEND-010,Career Pathways Integration,Medium,6h,Sprint 5,"Update CareerPathways.tsx to use API, implement career assessment submission, add career recommendations API integration, update PathwayDetails with real data, implement career progress tracking",Not Started
GAMIFICATION-001,Points and Rewards System,Medium,16h,Sprint 5,"Create gamification microservice, implement points system with transactions, create badge/achievement system, build leaderboard functionality, add rewards tier management, implement points history, create streak tracking, add daily challenges",Not Started
GAMIFICATION-002,Achievements Frontend Integration,Medium,6h,Sprint 5,"Create gamificationApi service, update Achievements.tsx, update Leaderboard.tsx, update PointsHistory.tsx, update RewardsTiers.tsx, implement real-time points updates, add achievement notifications",Not Started
JOBS-001,Job Posting Management,Medium,12h,Sprint 5,"Create jobs microservice, implement job posting CRUD operations, add job categorization by 15 career fields, implement job expiration, add employer dashboard functionality, create job moderation system",Not Started
JOBS-002,Job Matching Algorithm,Medium,18h,Sprint 5,"Build job matching algorithm based on user skills and interests, implement job search and filtering, create personalized job recommendations, add job alerts system, integrate external job boards APIs, implement application tracking",Not Started
AI-001,Course Recommendation Engine,Medium,20h,Sprint 6,"Design recommendation algorithm (collaborative filtering, content-based, hybrid), collect user behavior data, implement feature extraction, train initial model, create recommendation API, add A/B testing framework, implement feedback loop",Not Started
AI-002,Skills Gap Analysis,Medium,14h,Sprint 6,"Create skills assessment system, implement skills matching with job requirements, build skills gap identification, create personalized learning recommendations, add skills progression tracking, generate skills reports",Not Started
NOTIF-001,Email Notification System,High,12h,Sprint 6,"Create notification microservice, set up email service (SendGrid/AWS SES), create email templates (welcome, verification, password reset, enrollment, reminders, certificates), implement email scheduling, add email preferences",Not Started
NOTIF-002,In-App Notifications,High,8h,Sprint 6,"Implement in-app notification system, create notification center UI integration, add real-time notifications with WebSocket, implement notification preferences, add notification history, create notification badges",Not Started
NOTIF-003,SMS and Push Notifications,Medium,10h,Sprint 6,"Implement SMS notifications (Africa's Talking), add push notifications (Firebase), create notification templates, implement notification scheduling, add multi-channel notification routing, test delivery across channels",Not Started
ANALYTICS-001,Analytics Dashboard Backend,Medium,16h,Sprint 6,"Create analytics microservice, implement data collection from all services, build analytics aggregation pipelines, create reporting APIs, add data visualization endpoints, implement export functionality, add scheduled reports",Not Started
ANALYTICS-002,Analytics Dashboard Frontend,Medium,12h,Sprint 6,"Create analytics dashboard UI, implement charts and graphs with real data, add filtering and date range selection, create export functionality, add real-time analytics updates, implement role-based analytics views",Not Started
AUTH-002,Role-Based Access Control,High,16h,Sprint 7,"Design RBAC model for 6 roles (Student, Teacher, Admin, Parent, Employer, Super Admin), create permissions system, implement middleware for route protection, add resource-based authorization, create admin management endpoints, add audit logging",Not Started
SECURITY-001,Core Security Implementation,Critical,8h,Sprint 7,"Configure HTTPS/TLS for all services, set up CORS policies, implement XSS protection headers, add CSRF tokens, implement SQL injection prevention, add rate limiting per endpoint, configure DDoS protection, implement input validation",Not Started
SECURITY-002,Data Protection,Critical,6h,Sprint 7,"Implement encryption at rest (AES-256), ensure encryption in transit (TLS 1.3), implement data anonymization for analytics, establish PII data handling procedures, implement GDPR compliance features, add data retention policies, create right to be forgotten feature",Not Started
SECURITY-003,Security Monitoring,High,6h,Sprint 7,"Implement audit logging system, add user activity tracking, implement security event monitoring, set up alerts for suspicious activity, create compliance reporting, implement vulnerability scanning (OWASP ZAP), prepare for penetration testing",Not Started
QA-001,Unit Testing Framework,High,16h,Sprint 7,"Set up Jest for backend services, write unit tests for auth service (80%+ coverage), write unit tests for user service, write unit tests for course service, set up Vitest for frontend, write component tests, configure test coverage reporting",Not Started
QA-002,Integration Testing Suite,High,20h,Sprint 7,"Set up integration test environment, write API integration tests, test service-to-service communication, test database transactions, test authentication flows, test file upload flows, test payment flows, configure test data seeding",Not Started
QA-003,End-to-End Testing,Medium,24h,Sprint 7,"Set up Cypress/Playwright, write E2E tests for user registration flow, write E2E tests for login flow, write E2E tests for course enrollment, write E2E tests for assessment taking, write E2E tests for job application, configure E2E tests in CI",Not Started
INFRA-002,Kubernetes Deployment,High,16h,Sprint 8,"Set up Kubernetes cluster (EKS/GKE/AKS), create deployment manifests for all services, configure Helm charts, set up Ingress controller (NGINX), configure auto-scaling (HPA), set up ConfigMaps and Secrets, configure persistent volumes",Not Started
INFRA-003,CI/CD Pipeline,High,12h,Sprint 8,"Set up GitHub Actions workflows, configure automated testing on PRs, set up automated builds, configure Docker image building and pushing, set up staging deployment, set up production deployment with approval, implement rollback strategy, add deployment notifications",Not Started
INFRA-004,Monitoring and Observability,Medium,20h,Sprint 8,"Set up Prometheus for metrics collection, configure Grafana dashboards, set up ELK Stack for logging, configure log shipping from all services, set up distributed tracing (Jaeger), configure alerting rules, set up uptime monitoring, create runbooks",Not Started
PERF-001,Frontend Performance Optimization,Medium,10h,Sprint 8,"Implement code splitting for all routes, add image lazy loading, optimize bundle size (< 500KB initial), implement service worker for caching, achieve Lighthouse score > 90, optimize asset loading, minimize render blocking resources",Not Started
PERF-002,Backend Performance Optimization,Medium,12h,Sprint 8,"Optimize database queries, add database indexes for all frequently queried fields, implement caching strategy with Redis, perform load testing (1000+ concurrent users), optimize API response time (< 200ms), implement database query monitoring",Not Started
PERF-003,Load Testing and Optimization,Medium,8h,Sprint 8,"Set up load testing tools (k6/JMeter), perform stress testing on all endpoints, identify bottlenecks, optimize slow endpoints, test auto-scaling configuration, validate rate limiting, ensure system handles 10000+ concurrent users",Not Started
DOC-001,API Documentation,High,12h,Sprint 8,"Create OpenAPI/Swagger specs for all endpoints, add example requests and responses, create authentication guide, document error codes, add rate limiting documentation, create API integration guide, generate interactive API documentation",Not Started
DOC-002,User Documentation,Medium,16h,Sprint 8,"Create getting started guide, write student user manual, write teacher user manual, write admin user manual, create FAQ section, produce video tutorials (5-10 videos), create troubleshooting guide, add in-app help documentation",Not Started
DOC-003,Technical Documentation,Medium,12h,Sprint 8,"Create architecture overview document, write deployment guide, create database schema documentation, document microservices architecture, create API integration guide, write contributing guide, document environment setup, create security best practices guide",Not Started
LAUNCH-001,Security Audit,Critical,12h,Pre-Launch,"Conduct penetration testing, perform OWASP Top 10 compliance check, run dependency vulnerability scan, review SSL/TLS configuration, verify API rate limiting, conduct GDPR compliance review, perform security code review, fix identified vulnerabilities",Not Started
LAUNCH-002,Beta Testing Program,High,80h,Pre-Launch,"Recruit 50-100 beta testers, set up feedback collection system, create bug reporting template, monitor system performance during beta, collect and analyze user feedback, fix critical bugs, iterate on UX issues, prepare launch materials",Not Started
LAUNCH-003,Production Infrastructure Setup,Critical,16h,Pre-Launch,"Set up production Kubernetes cluster, configure production databases with backups, set up production Redis cluster, configure production CDN, set up production monitoring and alerting, configure production logging, implement disaster recovery plan",Not Started
LAUNCH-004,Data Migration and Seeding,High,10h,Pre-Launch,"Create production database schemas, implement data migration scripts, seed initial data (courses, badges, etc.), test data integrity, create backup and restore procedures, document data migration process",Not Started
LAUNCH-005,Final QA and Validation,Critical,20h,Pre-Launch,"Perform full regression testing, validate all user flows work end-to-end, test on multiple browsers and devices, validate email and notification delivery, test payment flows if applicable, verify security measures, validate performance metrics",Not Started
SOCIAL-001,Discussion Forums,Medium,18h,Post-MVP,"Create forums microservice, implement thread creation and management, add comment system, implement voting system, add moderation tools, implement notifications for replies, add search functionality, create forum categories",Not Started
SOCIAL-002,Peer Collaboration Features,Medium,16h,Post-MVP,"Implement study groups, add group chat functionality, create collaborative assignments, implement peer review system, add file sharing within groups, create group analytics, implement group notifications",Not Started
VIDEO-001,Live Classes Infrastructure,Medium,24h,Post-MVP,"Set up WebRTC infrastructure, implement video conferencing, add screen sharing, implement chat during live sessions, add recording functionality, create session scheduling, implement participant management, add breakout rooms",Not Started
VIDEO-002,Video Transcoding Pipeline,Medium,14h,Post-MVP,"Set up video transcoding service, implement multiple quality options, add subtitle generation, implement video optimization, create thumbnail extraction, add video analytics tracking, implement adaptive bitrate streaming",Not Started
MOBILE-001,Mobile App - iOS,Low,120h,Post-MVP,"Design mobile app architecture, implement authentication screens, create course browsing, implement video player, add offline support, implement push notifications, create user profile screens, implement app store deployment",Not Started
MOBILE-002,Mobile App - Android,Low,120h,Post-MVP,"Design mobile app architecture, implement authentication screens, create course browsing, implement video player, add offline support, implement push notifications, create user profile screens, implement play store deployment",Not Started
AI-003,Intelligent Tutoring System,Low,40h,Future,"Design AI tutoring architecture, implement natural language processing, create personalized help system, add adaptive learning paths, implement intelligent hints, create conversational interface, integrate with course content",Not Started
AI-004,Automated Content Curation,Low,30h,Future,"Implement content recommendation engine, create automated content tagging, build content quality scoring, implement duplicate detection, create content trend analysis, add automated content categorization",Not Started
MENTOR-001,Mentorship Platform,Low,32h,Future,"Create mentorship matching algorithm, implement mentor/mentee profiles, add session scheduling, create communication tools, implement progress tracking, add feedback system, create mentorship analytics",Not Started
MARKET-001,Course Marketplace,Low,40h,Future,"Create marketplace infrastructure, implement payment processing, add instructor earnings management, create course pricing tools, implement revenue sharing, add marketplace analytics, create seller dashboard",Not Started
CERT-001,Certificate Generation System,Medium,12h,Post-MVP,"Design certificate templates, implement PDF generation, add blockchain verification, create certificate verification portal, implement automated certificate issuance, add certificate sharing functionality, create certificate analytics",Not Started
PROCTOR-001,Online Proctoring System,Medium,28h,Future,"Implement video proctoring, add AI-based behavior detection, create proctor dashboard, implement identity verification, add browser lockdown, create incident reporting, implement recording review tools",Not Started
PLAGIARISM-001,Plagiarism Detection,Medium,20h,Future,"Integrate plagiarism detection API, implement code similarity detection, create originality reports, add citation checking, implement automated flagging, create review interface for instructors, add plagiarism analytics",Not Started
I18N-001,Multi-language Support,Medium,24h,Future,"Implement i18n framework, translate UI strings, add language selection, create translation management system, implement RTL support, add locale-specific formatting, translate email templates, create translation workflow",Not Started
WEBHOOK-001,Webhooks System,Low,14h,Post-MVP,"Create webhook infrastructure, implement event subscriptions, add webhook delivery queue, create retry logic, implement webhook verification, add webhook logs, create webhook documentation, build webhook testing tools",Not Started
EXPORT-001,Data Export Features,Medium,10h,Post-MVP,"Implement user data export (GDPR), create course data export, add analytics export, implement grade export, create bulk export functionality, add scheduled exports, implement export format options (CSV, JSON, PDF)",Not Started
SEARCH-001,Advanced Search Features,Medium,18h,Post-MVP,"Implement Elasticsearch integration, create advanced search UI, add faceted search, implement autocomplete, add search filters, create saved searches, implement search analytics, optimize search performance",Not Started
PAYMENT-001,Payment Integration,High,20h,Post-MVP,"Integrate payment gateway (Stripe/PayPal), implement subscription management, add payment processing, create refund functionality, implement invoice generation, add payment analytics, create payment failure handling",Not Started
BACKUP-001,Automated Backup System,High,12h,Sprint 8,"Implement automated database backups, configure backup retention policies, test restore procedures, implement incremental backups, add backup monitoring, create backup verification, document backup procedures",Not Started
COMPLY-001,Compliance Management,High,16h,Pre-Launch,"Implement GDPR compliance features, add COPPA compliance for minors, create privacy policy management, implement data processing agreements, add consent management, create compliance reporting, document compliance procedures",Not Started